Метрика;Вид метрики;Направление;ДПП/ ДЗ;НП;СМП;ВИП;Инж. по качеству;ИПП;НС;Инж смены;Операторы пульта;Операторы поля
%  внутренних расследований происшествий выполненных в срок;Индикаторы активности;Безопасность;;;Р;;;;;;;
% Вовлеченности;Процессные метрики;Развитие команды;Б;Р;;;;;;;;
% Вовлеченности ИТР в А3;Индикаторы активности;Качество и эффективность;;;Р;;;;;;;
% Выполнения запланированных работ (заказы,бюджет, трудоемкость);Процессные метрики;Надежность и ремонты;;;;;;Р;;;;
% Выполнения ключ. РН сырья, ЗХП;Процессные метрики;Качество и эффективность;;Р;;Б;Р;;Р;;Р;
% Выполнения ключ.РН ТЭР (ГДж/тн);Процессные метрики;Качество и эффективность;;Р;;Б;Р;;Р;;;
% Выполнения не запланированных работ (заказы,бюджет, трудоемкость);Процессные метрики;Надежность и ремонты;;;;;;Р;;;;
% Выполнения плана по расширению марочника;Индикаторы активности;Качество и эффективность;;Р;;Р;Р;;;;;
% ГП прошедшей оценку регуляторных рисков;Индикаторы активности;Качество и эффективность;;;;;Р;;;;;
% ГП прошедших спец требования;Индикаторы активности;Качество и эффективность;;;;;Р;;;;;
% Доля аннулированных  НД (грубые ошибки) по итогам проверок;Процессные метрики;Безопасность;Р;Б;Б;;;Б;Р;Р;;
% ИК ИТР в ЗО;Процессные метрики;Развитие команды;Р;Р;;;;;;;;
% ИК рабочих в ЗО;Процессные метрики;Развитие команды;;Р;Р;;;;Р;Р;;
% ИТС;Процессные метрики;Надежность и ремонты;Р;;;;;;;;;
% Кадровой защищенности в ЗО;Бизнес-цели;Развитие команды;Б;Р;;;;;;;;
% Качества выполнения ОПИ;Процессные метрики;Качество и эффективность;;;;Р;Р;;Р;;;
% Комплексный показатель (УМД+ПОФ)/EBITDA;Бизнес-цели;Надежность и ремонты;Б;;;;;;;;;
% Комплектации;Процессные метрики;Развитие команды;;Б;;;;;Р;;;
% НД в ночное время или в выходные дни (оценка по времени закрытия);Индикаторы активности;Безопасность;;Р;;;;Р;;;;
% НСП;Процессные метрики;Качество и эффективность;Р;Б;;Б;Р;;Б;;Р;
% Приживаемости РНиС (СРР);Процессные метрики;Развитие команды;Р;;;;;;;;;
% Реализации проектов ЦИ;Процессные метрики;Развитие производства;Р;;;;;;;;;
% Средняя оценка качества ритуалов ОТПБ (Развитие СУОТ, Час ОТПБ);Индикаторы активности;Безопасность;;Р;Б;;;;Р;;;
% Текучести по инициативе сотрудника;Процессные метрики;Развитие команды;Р;Р;;;;;;;;
% УМД/EBITDA ТФ;Бизнес-цели;Надежность и ремонты;;;;Р;;;;;;
% УМД/EBITDA по ЧФ;Бизнес-цели;Надежность и ремонты;;Б;Р;;;;;;;
% Успеваемости на курсах;Индикаторы активности;Развитие команды;;;;;;;;;Р;Р
% Факта проведения ритуалов ОТПБ (Развитие СУОТ, Час ОТПБ);Индикаторы активности;Безопасность;;;Р;;;;Р;;;
% Эконом.эффект от А3, млрд;Индикаторы активности;Качество и эффективность;;;;Р;;;;;;
% вовлеченности в А3;Индикаторы активности;Развитие производства;;;Р;Р;;;;;;
% вовлеченности в УМШ;Процессные метрики;Развитие производства;;Р;Р;;;;;;;
% вовлеченность в ПАБ (по списку);Индикаторы активности;Безопасность;Б;Р;Р;;;;Р;;;
% времени на работу с командой;Индикаторы активности;Развитие команды;Р;Б;;;;;Б;;;
% время работы RTO;Индикаторы активности;Производство;;;;;;;;;Р;
% выполнения ЛО;Индикаторы активности;Развитие команды;Р;;;;;;;;;
% выполнения ППР по марочнику;Индикаторы активности;Производство;;;;;Р;;;;;
% выполнения СМ/PM в срок (годовой);Процессные метрики;Надежность и ремонты;Р;;;;;;;;;
% выполнения ЭПБ, КТС;Индикаторы активности;Надежность и ремонты;;;;Б;;Р;;;;
% выполнения графика КФЛО;Индикаторы активности;Развитие команды;Р;;;;;;;;;
% выполнения графика ОПИ;Индикаторы активности;Качество и эффективность;;;;Б;Р;;;;;
% выполнения обходов ИТР МО;Индикаторы активности;Надежность и ремонты;;Р;;;;Б;Р;;;
% выполнения обходов МО;Индикаторы активности;Надежность и ремонты;;;;;;Р;Р;Б;;Б
% выполнения программы ТН ЗХП;Индикаторы активности;Развитие производства;Р;;;;;;;;;
% готовности производства к пуску (ЭТД, бюджеты, ресурсы, разрешения и т.д.);Индикаторы активности;Развитие производства;Р;;;;;;;;;
% дисциплина проверок 5С и ВУЭ;Индикаторы активности;Качество и эффективность;;;;Р;;Р;;;;
% документарных проверок ООР;Индикаторы активности;Безопасность;;;Р;;;;;;;
% документарных проверок РПО;Индикаторы активности;Безопасность;;;Р;;;Б;;;;
% доля КФЛО со взятыми обязательствами;Индикаторы активности;Развитие команды;Р;;;;;;;;;
% доля внеплановых работ;Процессные метрики;Надежность и ремонты;Б;Р;;;;;;;;
% доля выполнения ВДО-1 через МО;Индикаторы активности;Надежность и ремонты;;;;;;;Р;Б;;Р
% доля дефектов выявленных в рамках МО;Процессные метрики;Надежность и ремонты;;;;;;Б;Р;Б;;Р
% доля дефектов с признаком МОР;Индикаторы активности;Надежность и ремонты;Р;Р;;;;Р;Р;Б;;Б
% доля неидентифицированных потерь (дебалансов);Индикаторы активности;Качество и эффективность;;;;Р;;;;;;
% доля руководителей и ИТР, прошедших Фабрику процессов;Индикаторы активности;Качество и эффективность;;Р;;;;;;;;
% доступности рынков по тех.регулированию;Процессные метрики;Качество и эффективность;;;;;Р;;;;;
% защищённости ЗХП;Процессные метрики;Развитие производства;;;;Р;;;;;;
% качества масштабирования ОПИ;Индикаторы активности;Качество и эффективность;;;;;Р;;;;;
% качественных переходов по маркам;Индикаторы активности;Производство;;;;Р;Р;;Б;;Р;
% качество решения проблем по ЧЛ;Индикаторы активности;Развитие производства;;Р;;Р;;;;;;
% комплектации и подготовки ОБ;Индикаторы активности;Развитие производства;Р;;;;;;;;;
% конверсии идей УМШ в ММ;Процессные метрики;Развитие производства;;;;Р;;;;;;
% корректных границ;Индикаторы активности;Производство;;;;Р;;;;;;
% марок с отриц. ПИМ;Индикаторы активности;Качество и эффективность;;;;;Р;;;;;
% мероприятий по итогам расследований выполненных в срок;Индикаторы активности;Безопасность;;Р;Р;;;;;;;
% натурных проверок ООР;Индикаторы активности;Безопасность;Р;Р;Б;Р;;Р;Р;;;
% натурных проверок РПО;Индикаторы активности;Безопасность;;Р;Б;Р;;Р;Р;Р;;
% не корректных сообщений;Индикаторы активности;Надежность и ремонты;;;;;;Р;Б;Б;;Б
% некачественных целей в ЛК;Индикаторы активности;Развитие команды;Р;Р;;Р;;;Р;;;
% несанкционированнно отключенных ПАЗ;Индикаторы активности;Производство;Р;Р;Р;;;;Р;;Р;
% неэффективности приоритизации дефектов;Индикаторы активности;Надежность и ремонты;;Р;;Р;;Б;Р;;;
% отклонений бюджета ОБ на ИК;Процессные метрики;Развитие производства;Р;;;;;;;;;
% отключенных РК (рег.контуров);Индикаторы активности;Производство;;;;;;;Р;;Р;
% охвата мастерскими ОТПБ (ПАБ, Ритуалы ОТПБ, РПО, УОТ);Индикаторы активности;Безопасность;;;Р;;;;;;;
% охвата новых руководителей программой на ПУР первая управ. Роль;Индикаторы активности;Развитие команды;;Р;;;;;;;;
% охвата новых сотрудников адаптацией;Индикаторы активности;Развитие команды;;;;;;;Р;;;
% охвата эл.курсом ОБП;Индикаторы активности;Качество и эффективность;;Р;;;;;;;;
% оценка качества RСА;Индикаторы активности;Надежность и ремонты;Р;Р;Б;Р;;;;;;
% оценка качества СОП по ЧЛ;Индикаторы активности;Качество и эффективность;;;;Р;;Р;;;;
% оценка качества ведения досок ВУЭ по ЧЛ;Индикаторы активности;Качество и эффективность;;;;;;;Б;;;
% оценка качества рисков;Индикаторы активности;Надежность и ремонты;Р;Р;Р;;;;;;;
% оценки 5С и ВУЭ на производстве (маркировки);Индикаторы активности;Качество и эффективность;;;;;;Б;;;;
% оценки качества маршрутов МО;Индикаторы активности;Надежность и ремонты;;;;;;Р;;;;
% оценок «без ОС» и «не готов отвечать» (Приживаемость ПУ);Процессные метрики;Развитие команды;Р;Р;;;;;Р;;;
% оценок выставленных автоматически;Индикаторы активности;Развитие команды;Р;Р;;Р;;;Р;;;
% повторных отказов к общему кол-ву (Индекс повторяемости);Процессные метрики;Надежность и ремонты;Р;Р;;;;Р;;;;
% повторных происшествий ОТ;Процессные метрики;Безопасность;;;Р;;;;;;;
% подразделений имеющих ПОУ;Индикаторы активности;Развитие команды;Р;;;;;;;;;
% покрытия событий RCA;Индикаторы активности;Надежность и ремонты;;;Р;;;;;;;
% приживаемости КТК;Индикаторы активности;Развитие команды;;;Р;Р;;;Р;;Р;
% проведенных встреч НП-смена (месяц);Индикаторы активности;Развитие команды;;Р;;;;;;;;
% пропущенных НД с ошибками в рамках стресс-тестов НД;Индикаторы активности;Безопасность;;;Р;;;Р;;;;
% просроченных мероприятий RСА;Индикаторы активности;Надежность и ремонты;;Р;Р;;;;;;;
% просроченных обязательных допусков;Процессные метрики;Безопасность;;Р;Б;;;;Р;;;
% просроченных отклонений ОТПБ с высоким риском;Процессные метрики;Безопасность;;Р;Б;;;;;;;
% просроченных производственных распоряжений;Индикаторы активности;Производство;;Р;;;;;Б;Р;Р;Р
% просроченных расследований RCA;Индикаторы активности;Надежность и ремонты;;;Р;;;;;;;
% прохождения тренеровок ПМЛА, ППТ;Индикаторы активности;Развитие команды;;;Р;;;;Р;Р;;
% работников имеющих аттестацию ПАК/ЦАК;Процессные метрики;Развитие команды;Р;Р;Б;;;;Б;;;
% работников, подтвердивших на ЕКЭ рекомендованный на ПАК проф. уровень;Процессные метрики;Развитие команды;;;Р;;;;;;;
% работы в зеленой зоне;Индикаторы активности;Производство;;;;;;;;;Б;
% работы оборудования в черной зоне;Индикаторы активности;Производство;;;;;;;Р;;Р;
% работы под ограничением;Индикаторы активности;Производство;;;;;;;Р;;Р;
% руководителей имеющих не менее двух наставляемых;Индикаторы активности;Развитие команды;Р;Б;;;;;;;;
% руководителей проведших мастерские;Индикаторы активности;Развитие команды;Р;;;;;;;;;
% руководителей прошедших курсы СРР;Индикаторы активности;Развитие команды;Р;;;;;;;;;
% руководителей прошедших мастерские СРР;Индикаторы активности;Развитие команды;Р;;;;;;;;;
"% своевременность выполнения поручений ""Иди и смотри"" в производстве";Индикаторы активности;Производство;;;Р;Р;;Р;Р;Р;Р;Р
% соблюдения нормативов сбросов, выбросов;Процессные метрики;Безопасность;;Р;;Р;;;;;;
% событий управляемых как риск;Индикаторы активности;Надежность и ремонты;Р;Р;Б;;;;;;;
% сотрудников (ИТР) цели которых не согласованы;Индикаторы активности;Развитие команды;Р;Р;;;;;;;;
% сотрудников (рабочих) без целей;Индикаторы активности;Развитие команды;;;;;;;Р;Р;Р;Р
% успешных ОПИ;Индикаторы активности;Качество и эффективность;;;;Р;Р;;;;;
% эффекта от доп. ММ;Индикаторы активности;Развитие производства;Р;;;;;;;;;
% эффективности АРС;Индикаторы активности;Производство;;;;;;;;;Б;
%Посещаемости курсов;Индикаторы активности;Развитие команды;;;;;;;;;Р;Р
Cрок реализации идей УМШ, дней;Индикаторы активности;Развитие производства;;;Р;;;;;;;
LTIF в ЗО;Бизнес-цели;Безопасность;Б;;;;;;;;;
SPC (Cpk, Ppk),;Индикаторы активности;Качество и эффективность;;;;;Р;;;;Р;
Динамика отказов;Процессные метрики;Надежность и ремонты;Р;Р;;;;;;;;
Длительность пусков/остановов;Индикаторы активности;Производство;;Р;;Б;Р;;Р;Р;Р;Р
Доля работников, сдавших ПАК с первой попытки, %;Процессные метрики;Развитие команды;;;;;;;Р;Р;Р;Р
Доля сотрудников с РВД;Индикаторы активности;Развитие команды;;Р;;;;;;;;
ИА-1 в ЗО;Бизнес-цели;Безопасность;Б;;;;;;;;;
ИИТ, Кол-во сигналов на оператора, Кол-во воздействий;Индикаторы активности;Развитие команды;;;;Р;;;;;;
Исполнение графика переходов оборуд-ия, %;Индикаторы активности;Надежность и ремонты;;;;Р;;Б;Б;Р;;
Исполнение требований по тех регулированию для ГП (рынки РФ, Турции, Вьетнама и др.);Индикаторы активности;Качество и эффективность;;;;;Р;;;;;
КПОиТП;Процессные метрики;Качество и эффективность;;;;Р;Б;;;;;
Качество идей, % (принятые идеи в реализацию/ все рассмотренные);Индикаторы активности;Развитие производства;;;Р;;;;Р;;;
Качество предоставления ОС автору по чек-листу;Индикаторы активности;Развитие производства;;;Р;;;;Р;;;
Качество проведения ЭСП, %;Индикаторы активности;Развитие производства;;;Р;;;;;;;
Кол-во ИА 2, 3;Процессные метрики;Безопасность;Р;Б;Р;;;;;;;
Кол-во НС;Процессные метрики;Безопасность;Р;Б;Р;;;;Б;;;
Кол-во грубых нарушений сбросов и выбросов;Процессные метрики;Безопасность;;Р;;Р;;;;;;
Кол-во дней превышения МДП;Индикаторы активности;Качество и эффективность;;;;Р;;;Р;;;
Кол-во идей УМШ не рассмотренных, но поданных более 90 дней назад;Индикаторы активности;Развитие производства;;;Р;;;;;;;
Кол-во нарушений по эксплуатационно-технической документации;Индикаторы активности;Производство;;;;Б;;Р;;;;
Кол-во отклонений НАК;Индикаторы активности;Производство;;;;Р;;;Р;;Б;
Кол-во отклонений ННТР;Индикаторы активности;Производство;;;;Р;;;Р;;Б;
Кол-во переходов по маркам в месяц;Индикаторы активности;Производство;;;;;Р;;;;;
Кол-во просроченных отклонений ОТПБ по журналу ОТПБ;Индикаторы активности;Безопасность;;;Р;;;;;;;
Кол-во просроченных предписаний надзорных органов;Процессные метрики;Безопасность;Р;Р;Р;;;;;;;
Кол-во сигнализаций;Индикаторы активности;Производство;;Р;;Р;;;Б;;Б;
Наполнение ММ след.года, млрд;Процессные метрики;Развитие производства;Б;;;Р;;;;;;
Оплата СУР и РВД, млн;Процессные метрики;Развитие команды;Р;;;;;;;;;
Отношение дефектов к отказам;Процессные метрики;Надежность и ремонты;Р;Б;;Р;;Р;;;;
Оценка качества ТР/ТИ;Индикаторы активности;Производство;;;;Р;;;;;;
Оценка качества расследований по обращениям клиентов;Индикаторы активности;Качество и эффективность;;;;Р;Б;;;;;
Оценка качества ритуалов Производства (БЭ);Индикаторы активности;Производство;Р;Р;;Р;;;Р;;;
Оценка качества ритуалов Производства (ВИТ-ВИП);Индикаторы активности;Производство;Р;Р;;Р;;;;;;
Оценка качества ритуалов Производства (ППС);Индикаторы активности;Производство;;Р;;Р;;;Р;;;
Оценка качества ритуалов Производства (Планирование производства);Индикаторы активности;Производство;Р;Р;;Р;;;;;;
Оценка прохождения ОР по ЧЛ: бюджет, сроки, объёмы, ТЭПы, интервалы в ЗО;Процессные метрики;Надежность и ремонты;Р;Р;;Р;;Р;;;;
Оценка ритуалов НиР в производстве по ЧЛ (планирование и анализ - нед/мес);Индикаторы активности;Надежность и ремонты;Р;Р;;Р;;Б;;;;
ПОФ, млрд в ЗО;Бизнес-цели;Надежность и ремонты;Б;;;;;;;;;
Потери по Качеству в ЗО, млрд;Бизнес-цели;Качество и эффективность;Б;;;;;;;;;
Потери по РН в ЗО, млрд;Бизнес-цели;Качество и эффективность;Б;;;;;;;;;
Приживаемость сотрудников до 1 года, МС до года;Индикаторы активности;Развитие команды;;;;;;;Р;;;
Производство продукции, тн;Бизнес-цели;Производство;Б;Б;;Р;;;Б;;;
Размер (снижение) красных рисков, млрд;Процессные метрики;Надежность и ремонты;Б;;;;;;;;;
Реализация графика ПАК, %;Индикаторы активности;Развитие команды;;;Р;;;;;;;
Реализация графика спецподготовки, %;Индикаторы активности;Развитие команды;;;Р;;;;;;;
Решение фокусных проблем по качеству;Индикаторы активности;Качество и эффективность;;Р;;Б;Р;;;;;
Своевременное исполнение ДК ОР;Индикаторы активности;Надежность и ремонты;;;;Р;;Р;;;;
Ср. оценка качества расследований крупных и знач. происшествий по ЧЛ;Индикаторы активности;Безопасность;Р;;;;;;;;;
Ср. оценка качества тренировок ПМЛА, ППТ;Индикаторы активности;Развитие команды;Р;Р;Б;;;;Б;Р;Р;Р
Ср.оценка качества НД по ЧЛ;Индикаторы активности;Безопасность;;;;;;Р;;;;
Стрейч, млрд;Индикаторы активности;Развитие производства;Р;;;;;;;;;
Тех.дисциплина (общее): кол-во отклонений ННТР/НАК, сигнализаций, РК;Процессные метрики;Производство;Р;Б;;Б;Р;;Р;;;
ФОТ, млрд или ШЕ в ЗО;Бизнес-цели;Развитие команды;Б;;;;;;;;;
Штрафы за экологию, млн;Процессные метрики;Безопасность;Р;;;;;;;;;
Экономический эффект от А3, млрд руб;Процессные метрики;Развитие производства;;;Р;;;;;;;
Экономический эффект от УМШ, млрд руб;Процессные метрики;Развитие производства;;Р;;Р;;;;;;
Эффект ММ, млрд;Бизнес-цели;Развитие производства;Б;Р;;;;;;;;
ср. срок расследования обращений клиентов;Индикаторы активности;Качество и эффективность;;;;;Б;;;;;
ср.балл оценка супервизий ритуалов HR и СРР;Индикаторы активности;Развитие команды;Р;Р;;;;;;;;
